work_local,position_link,position_type,position_name,publish_times,position_number
深圳,position_detail.php?id=39256&keywords=&tid=0&lid=0,市场类,24549-销售市场经理,2018-04-16,1
成都,position_detail.php?id=39252&keywords=&tid=0&lid=0,产品/项目类,15575-王者荣耀社交数据分析方向产品经理（成都）,2018-04-16,1
广州,position_detail.php?id=39254&keywords=&tid=0&lid=0,产品/项目类,MIG08-产品经理,2018-04-16,1
深圳,position_detail.php?id=39257&keywords=&tid=0&lid=0,设计类,15570-3D场景设计师（深圳）,2018-04-16,1
深圳,position_detail.php?id=39248&keywords=&tid=0&lid=0,技术类,25926-用户画像大数据分析工程师（深圳）,2018-04-16,1
深圳,position_detail.php?id=39251&keywords=&tid=0&lid=0,技术类,TEG09-接入业务后台开发工程师（深圳）,2018-04-16,5
广州,position_detail.php?id=39253&keywords=&tid=0&lid=0,产品/项目类,MIG08-产品经理,2018-04-16,1
广州,position_detail.php?id=39255&keywords=&tid=0&lid=0,市场类,24549-销售市场经理,2018-04-16,1
深圳,position_detail.php?id=39247&keywords=&tid=0&lid=0,技术类,25926-数据分析工程师（深圳）,2018-04-16,1
上海,position_detail.php?id=39249&keywords=&tid=0&lid=0,职能类,23677-互娱服务采购经理（上海）,2018-04-16,1
深圳,position_detail.php?id=39250&keywords=&tid=0&lid=0,技术类,18797-IOS客户端开发工程师（深圳）,2018-04-16,1
北京,position_detail.php?id=39242&keywords=&tid=0&lid=0,市场类,23295-互娱高级活动经理（北京）,2018-04-16,1
深圳,position_detail.php?id=39245&keywords=&tid=0&lid=0,技术类,SNG11-知识图谱AI研发工程师（深圳）,2018-04-16,2
深圳,position_detail.php?id=39233&keywords=&tid=0&lid=0,设计类,22090-交互设计师（深圳）,2018-04-16,2
深圳,position_detail.php?id=39237&keywords=&tid=0&lid=0,产品/项目类,18428-支付平台产品运营经理(深圳),2018-04-16,1
上海,position_detail.php?id=39239&keywords=&tid=0&lid=0,内容编辑类,21530-腾讯音乐导演助理（上海）,2018-04-16,1
深圳,position_detail.php?id=39244&keywords=&tid=0&lid=0,技术类,MIG09-手机QQ浏览器云服务后台开发工程师(深圳),2018-04-16,1
深圳,position_detail.php?id=39246&keywords=&tid=0&lid=0,技术类,25926-自然语言处理算法工程师（深圳）,2018-04-16,1
北京,position_detail.php?id=39236&keywords=&tid=0&lid=0,技术类,26381-技术架构师（深圳）,2018-04-16,1
美国,position_detail.php?id=39238&keywords=&tid=0&lid=0,职能类,ZSC-IP Engineer(Palo Alto),2018-04-16,1
深圳,position_detail.php?id=39227&keywords=&tid=0&lid=0,产品/项目类,25926-游戏安全产品策划（深圳）,2018-04-16,1
深圳,position_detail.php?id=39230&keywords=&tid=0&lid=0,技术类,MIG03-AI评价优化高级工程师（深圳）,2018-04-16,2
深圳,position_detail.php?id=39232&keywords=&tid=0&lid=0,产品/项目类,18425-E证通产品策划经理（深圳）,2018-04-16,1
深圳,position_detail.php?id=39219&keywords=&tid=0&lid=0,产品/项目类,21087-移动游戏运营策划（深圳）,2018-04-16,1
深圳,position_detail.php?id=39222&keywords=&tid=0&lid=0,技术类,15579-移动游戏客户端开发工程师（深圳）,2018-04-16,5
深圳,position_detail.php?id=39229&keywords=&tid=0&lid=0,技术类,25926-后台开发工程师（深圳）,2018-04-16,1
北京,position_detail.php?id=39231&keywords=&tid=0&lid=0,内容编辑类,22851-腾讯视频综艺频道会员运营（北京）,2018-04-16,1
深圳,position_detail.php?id=39234&keywords=&tid=0&lid=0,产品/项目类,WXG06-212 微信境外支付产品策划经理（深圳）,2018-04-16,1
深圳,position_detail.php?id=39221&keywords=&tid=0&lid=0,产品/项目类,SNG16-全民K歌产品运营策划经理（深圳）,2018-04-16,1
深圳,position_detail.php?id=39223&keywords=&tid=0&lid=0,产品/项目类,15851-游戏研发韩语PM（深圳）,2018-04-16,1
北京,position_detail.php?id=39224&keywords=&tid=0&lid=0,技术类,SA-腾讯社交广告大数据研发工程师（北京）,2018-04-16,2
深圳,position_detail.php?id=39226&keywords=&tid=0&lid=0,技术类,25926-游戏安全运营开发工程师（深圳）,2018-04-16,1
深圳,position_detail.php?id=39213&keywords=&tid=0&lid=0,产品/项目类,SNG16-全民K歌音频直播运营（深圳）,2018-04-16,1
深圳,position_detail.php?id=39216&keywords=&tid=0&lid=0,职能类,21527-集团资金管理（深圳）,2018-04-16,1
深圳,position_detail.php?id=39218&keywords=&tid=0&lid=0,职能类,21527-腾讯音乐财务管理（深圳）,2018-04-16,1
深圳,position_detail.php?id=39225&keywords=&tid=0&lid=0,技术类,HY1-后台策略安全工程师（深圳）,2018-04-16,1
深圳,position_detail.php?id=39228&keywords=&tid=0&lid=0,产品/项目类,25926-游戏安全产品运营（深圳）,2018-04-16,1
深圳,position_detail.php?id=39215&keywords=&tid=0&lid=0,职能类,21527-腾讯音乐风险管理及内部控制分析师（深圳）,2018-04-16,1
深圳,position_detail.php?id=39217&keywords=&tid=0&lid=0,产品/项目类,WXG04-211 微信游戏内容产品运营（深圳）,2018-04-16,1
深圳,position_detail.php?id=39220&keywords=&tid=0&lid=0,市场类,23296-互娱市场与用户研究经理（深圳）,2018-04-16,2
深圳,position_detail.php?id=39207&keywords=&tid=0&lid=0,技术类,GY0-推荐系统后台开发工程师,2018-04-16,1
深圳,position_detail.php?id=39210&keywords=&tid=0&lid=0,职能类,TA-职业发展经理（深圳）,2018-04-16,1
深圳,position_detail.php?id=39212&keywords=&tid=0&lid=0,职能类,21527-腾讯音乐报表合并及分析经理岗位（深圳）,2018-04-16,1
北京,position_detail.php?id=39203&keywords=&tid=0&lid=0,产品/项目类,26381-解决方案架构师（北京/深圳）,2018-04-16,1
广州,position_detail.php?id=39205&keywords=&tid=0&lid=0,产品/项目类,MIG08-会员产品经理（腾讯WiFi管家）,2018-04-16,1
深圳,position_detail.php?id=39209&keywords=&tid=0&lid=0,产品/项目类,18425-区块链项目经理,2018-04-16,1
深圳,position_detail.php?id=39211&keywords=&tid=0&lid=0,技术类,24012-移动游戏客户端开发工程师（深圳）,2018-04-16,1
广州,position_detail.php?id=39201&keywords=&tid=0&lid=0,产品/项目类,MIG08-场景服务产品经理（腾讯WiFi管家）,2018-04-16,1
广州,position_detail.php?id=39204&keywords=&tid=0&lid=0,产品/项目类,MIG08-开放平台产品经理（腾讯WiFi管家）,2018-04-16,1
深圳,position_detail.php?id=39206&keywords=&tid=0&lid=0,产品/项目类,25663-移动云项目经理,2018-04-16,1
深圳,position_detail.php?id=39208&keywords=&tid=0&lid=0,产品/项目类,22090-拍摄器产品经理（深圳）,2018-04-16,1
深圳,position_detail.php?id=39196&keywords=&tid=0&lid=0,产品/项目类,19511-腾讯游戏学院营运总监（深圳）,2018-04-16,1
深圳,position_detail.php?id=39198&keywords=&tid=0&lid=0,市场类,19511-腾讯游戏评测经理（深圳）,2018-04-16,1
深圳,position_detail.php?id=39200&keywords=&tid=0&lid=0,技术类,18797-IOS客户端开发工程师（深圳）,2018-04-16,1
深圳,position_detail.php?id=39187&keywords=&tid=0&lid=0,产品/项目类,18402-次世代高自由度MMORPG手游本地化&商业化（深圳）,2018-04-16,1
深圳,position_detail.php?id=39195&keywords=&tid=0&lid=0,技术类,18425-商户系统及应用开发研发工程师,2018-04-16,1
深圳,position_detail.php?id=39197&keywords=&tid=0&lid=0,技术类,MIG03-高级后台测试开发工程师（深圳）,2018-04-16,1
深圳,position_detail.php?id=39199&keywords=&tid=0&lid=0,技术类,22090-短视频推荐算法工程师（深圳）,2018-04-16,2
广州,position_detail.php?id=39202&keywords=&tid=0&lid=0,产品/项目类,MIG08-客户端产品经理（腾讯WiFi管家）,2018-04-16,1
深圳,position_detail.php?id=39189&keywords=&tid=0&lid=0,产品/项目类,23516-二次元产品数据分析（深圳）,2018-04-16,1
深圳,position_detail.php?id=39190&keywords=&tid=0&lid=0,产品/项目类,23516-二次元手游版本管理（深圳）,2018-04-16,1
北京,position_detail.php?id=39192&keywords=&tid=0&lid=0,设计类,24547-广告产品UI&视觉设计师（北京）,2018-04-16,1
北京,position_detail.php?id=39194&keywords=&tid=0&lid=0,职能类,20764-政策合作专家(北京),2018-04-16,1
深圳,position_detail.php?id=39183&keywords=&tid=0&lid=0,产品/项目类,21228-集换式卡牌游戏版本管理（深圳）,2018-04-16,1
西安,position_detail.php?id=39185&keywords=&tid=0&lid=0,技术类,18428-财付通清算业务测试工程师（西安）,2018-04-16,2
深圳,position_detail.php?id=39191&keywords=&tid=0&lid=0,技术类,15569-Unity3D高级游戏引擎工程师（深圳）,2018-04-16,1
深圳,position_detail.php?id=39193&keywords=&tid=0&lid=0,产品/项目类,23517-剑网3手游市场推广（深圳）,2018-04-16,1
深圳,position_detail.php?id=39181&keywords=&tid=0&lid=0,技术类,18436-资产证券化云平台高级风控模型经理（深圳）,2018-04-16,2
上海,position_detail.php?id=39184&keywords=&tid=0&lid=0,产品/项目类,18402-SLG手游数据分析（上海）,2018-04-16,1
深圳,position_detail.php?id=39186&keywords=&tid=0&lid=0,产品/项目类,18402-次世代高自由度MMORPG手游数据分析（深圳）,2018-04-16,1
深圳,position_detail.php?id=39188&keywords=&tid=0&lid=0,技术类,SA-腾讯社交广告知识管理工程师（深圳）,2018-04-16,1
深圳,position_detail.php?id=39176&keywords=&tid=0&lid=0,市场类,SNG16-腾讯音乐高级市场策划经理（深圳）,2018-04-16,1
深圳,position_detail.php?id=39178&keywords=&tid=0&lid=0,产品/项目类,18402-火影忍者手游渠道运营（深圳）,2018-04-16,1
北京,position_detail.php?id=39182&keywords=&tid=0&lid=0,技术类,OMG097-前端开发工程师（北京）,2018-04-16,1
深圳,position_detail.php?id=39170&keywords=&tid=0&lid=0,产品/项目类,22090-合作拓展运营经理（深圳）,2018-04-16,2
美国,position_detail.php?id=39174&keywords=&tid=0&lid=0,技术类,22989-Storage Hardware Engineer（美国）,2018-04-16,1
深圳,position_detail.php?id=39177&keywords=&tid=0&lid=0,市场类,SNG16-腾讯音乐市场合作经理（深圳）,2018-04-16,1
深圳,position_detail.php?id=39180&keywords=&tid=0&lid=0,技术类,25923-计算资源平台web前端开发工程师（深圳）,2018-04-16,1
深圳,position_detail.php?id=39168&keywords=&tid=0&lid=0,产品/项目类,22090-用户运营产品经理（深圳）,2018-04-16,2
美国,position_detail.php?id=39171&keywords=&tid=0&lid=0,技术类,22989-Network Hardware Engineer（美国）,2018-04-16,1
美国,position_detail.php?id=39172&keywords=&tid=0&lid=0,技术类,22989-Compute Hardware Engineer(美国）,2018-04-16,1
深圳,position_detail.php?id=39175&keywords=&tid=0&lid=0,技术类,22090-数据分析产品经理（深圳）,2018-04-16,1
深圳,position_detail.php?id=39164&keywords=&tid=0&lid=0,市场类,SNG16-腾讯音乐校园推广经理（深圳）,2018-04-16,1
深圳,position_detail.php?id=39166&keywords=&tid=0&lid=0,产品/项目类,15570-RTS+SLG手游研发策划（深圳）,2018-04-16,1
美国,position_detail.php?id=39155&keywords=&tid=0&lid=0,市场类,HY5-Senior Market Research Analyst,2018-04-16,1
深圳,position_detail.php?id=39173&keywords=&tid=0&lid=0,职能类,SHR-HRBP（深圳）,2018-04-16,1
上海,position_detail.php?id=39169&keywords=&tid=0&lid=0,,SNG16-腾讯音乐公关主管（新媒体策划方向）（上海）,2018-04-16,1
深圳,position_detail.php?id=39165&keywords=&tid=0&lid=0,,SNG16-腾讯音乐公关经理（内容策划方向）（深圳）,2018-04-16,1
北京,position_detail.php?id=39167&keywords=&tid=0&lid=0,市场类,21528-海外版权商务拓展（北京）,2018-04-16,1
北京,position_detail.php?id=39158&keywords=&tid=0&lid=0,产品/项目类,22086-腾讯体育产品经理（北京）,2018-04-16,1
深圳,position_detail.php?id=39159&keywords=&tid=0&lid=0,产品/项目类,25927-QM平台产品经理（深圳）,2018-04-16,1
深圳,position_detail.php?id=39161&keywords=&tid=0&lid=0,技术类,TEG13-运维开发工程师（深圳）,2018-04-16,1
深圳,position_detail.php?id=39163&keywords=&tid=0&lid=0,产品/项目类,17520-竞速类游戏运营(深圳),2018-04-16,4
北京,position_detail.php?id=39152&keywords=&tid=0&lid=0,产品/项目类,22851-腾讯视频新产品数据产品经理,2018-04-16,1
美国,position_detail.php?id=39154&keywords=&tid=0&lid=0,市场类,"HY5-Director, Strategic Game Partnerships",2018-04-16,1
北京,position_detail.php?id=39160&keywords=&tid=0&lid=0,技术类,SA-腾讯社交广告算法工程师（研发中心 北京）,2018-04-16,2
深圳,position_detail.php?id=39162&keywords=&tid=0&lid=0,产品/项目类,18402-MMOPRG品类数据分析(天龙八部手游)（深圳）,2018-04-16,1
北京,position_detail.php?id=39150&keywords=&tid=0&lid=0,技术类,22851-腾讯视频新产品后台开发工程师,2018-04-16,1
深圳,position_detail.php?id=39153&keywords=&tid=0&lid=0,市场类,26787-游戏合作商务,2018-04-16,1
美国,position_detail.php?id=39156&keywords=&tid=0&lid=0,市场类,HY5-Sr. Manager/ Director of Business Development,2018-04-16,1
美国,position_detail.php?id=39157&keywords=&tid=0&lid=0,市场类,HY5-Sr. Executive Assistant,2018-04-16,1
北京,position_detail.php?id=39145&keywords=&tid=0&lid=0,设计类,22851-腾讯视频新产品设计师,2018-04-16,1
北京,position_detail.php?id=39147&keywords=&tid=0&lid=0,产品/项目类,22851-腾讯视频新业务产品经理,2018-04-16,1
北京,position_detail.php?id=39149&keywords=&tid=0&lid=0,技术类,22851-腾讯视频新产品iOS客户端开发,2018-04-16,1
深圳,position_detail.php?id=39136&keywords=&tid=0&lid=0,技术类,SNG16-腾讯音乐多媒体AI研究员（深圳）,2018-04-16,3
北京,position_detail.php?id=39143&keywords=&tid=0&lid=0,内容编辑类,22851-腾讯视频新产品内容运营,2018-04-16,1
北京,position_detail.php?id=39146&keywords=&tid=0&lid=0,产品/项目类,22851-腾讯视频新业务社区产品经理,2018-04-16,1
北京,position_detail.php?id=39148&keywords=&tid=0&lid=0,产品/项目类,22851-腾讯视频新产品内容拓展经理,2018-04-16,1
北京,position_detail.php?id=39151&keywords=&tid=0&lid=0,产品/项目类,22851-腾讯视频新业务用户运营经理,2018-04-16,1
深圳,position_detail.php?id=39138&keywords=&tid=0&lid=0,产品/项目类,WXG06-211 智慧零售时尚品牌行业运营经理 （深圳）,2018-04-16,1
上海,position_detail.php?id=39139&keywords=&tid=0&lid=0,市场类,WXG06-332 智慧零售时尚品牌行业运营经理 （上海）,2018-04-16,1
北京,position_detail.php?id=39141&keywords=&tid=0&lid=0,内容编辑类,22851-腾讯视频纪录片频道内容运营,2018-04-16,2
北京,position_detail.php?id=39144&keywords=&tid=0&lid=0,产品/项目类,22851-腾讯视频新产品负责人,2018-04-16,1
上海,position_detail.php?id=39133&keywords=&tid=0&lid=0,技术类,19332-高级Web后台开发工程师（上海）,2018-04-16,2
深圳,position_detail.php?id=39124&keywords=&tid=0&lid=0,产品/项目类,SA-腾讯社交广告SMB金融行业运营经理（深圳）,2018-04-16,1
深圳,position_detail.php?id=39140&keywords=&tid=0&lid=0,产品/项目类,27087-众创空间高级产品经理（深圳）,2018-04-16,1
北京,position_detail.php?id=39142&keywords=&tid=0&lid=0,技术类,22851-腾讯视频新产品android客户端开发,2018-04-16,1
广州,position_detail.php?id=39131&keywords=&tid=0&lid=0,技术类,WXG03-122 微信开放平台算法工程师（广州）,2018-04-16,1
深圳,position_detail.php?id=39137&keywords=&tid=0&lid=0,产品/项目类,MIG03-众包交付项目经理（深圳）,2018-04-16,1
深圳,position_detail.php?id=39125&keywords=&tid=0&lid=0,技术类,SNG16-腾讯音乐业务运维工程师（深圳）,2018-04-16,2
深圳,position_detail.php?id=39126&keywords=&tid=0&lid=0,设计类,15581-欢乐游戏2D角色设计师（深圳）,2018-04-16,1
深圳,position_detail.php?id=39128&keywords=&tid=0&lid=0,设计类,15581-欢乐游戏2D角色设计师（深圳）,2018-04-16,1
广州,position_detail.php?id=39130&keywords=&tid=0&lid=0,技术类,WXG03-113 微信开放平台后台开发工程师（广州）,2018-04-16,1
深圳,position_detail.php?id=39117&keywords=&tid=0&lid=0,设计类,15573-手游美术3D场景设计师（深圳）,2018-04-16,1
深圳,position_detail.php?id=39120&keywords=&tid=0&lid=0,产品/项目类,SNG16-全民K歌直播内容运营（深圳）,2018-04-16,1
上海,position_detail.php?id=39127&keywords=&tid=0&lid=0,产品/项目类,SA-腾讯社交广告快消零售行业产品运营（大客户运营）（上海）,2018-04-16,1
北京,position_detail.php?id=39129&keywords=&tid=0&lid=0,职能类,21527-腾讯音乐会计师（北京）,2018-04-16,1
深圳,position_detail.php?id=39132&keywords=&tid=0&lid=0,技术类,SNG07-高级系统测试工程师（深圳）,2018-04-16,3
深圳,position_detail.php?id=39119&keywords=&tid=0&lid=0,设计类,15573-手游3D角色设计师（深圳）,2018-04-16,1
深圳,position_detail.php?id=39121&keywords=&tid=0&lid=0,产品/项目类,SNG16-全民K歌平台产品运营（深圳）,2018-04-16,1
深圳,position_detail.php?id=39122&keywords=&tid=0&lid=0,产品/项目类,SNG16-全民K歌短视频运营（深圳）,2018-04-16,1
上海,position_detail.php?id=39112&keywords=&tid=0&lid=0,内容编辑类,21530-腾讯音乐视觉导演（上海）,2018-04-16,1
深圳,position_detail.php?id=39115&keywords=&tid=0&lid=0,技术类,TEG05-web前端开发工程师（深圳）,2018-04-16,1
深圳,position_detail.php?id=39118&keywords=&tid=0&lid=0,设计类,15573-手游场景原画设计师（深圳）,2018-04-16,1
上海,position_detail.php?id=39107&keywords=&tid=0&lid=0,技术类,OMG064-后台开发高级工程师（上海）,2018-04-16,1
深圳,position_detail.php?id=39123&keywords=&tid=0&lid=0,技术类,SNG16-腾讯音乐运营开发工程师（深圳）,2018-04-16,2
深圳,position_detail.php?id=39114&keywords=&tid=0&lid=0,市场类,SNG16-腾讯音乐资源拓展方向品牌主管（深圳）,2018-04-16,1
深圳,position_detail.php?id=39116&keywords=&tid=0&lid=0,产品/项目类,24012-IP文学编剧（深圳）,2018-04-16,1
上海,position_detail.php?id=39105&keywords=&tid=0&lid=0,设计类,OMG064-营销创意产品交互设计师（上海）,2018-04-16,1
上海,position_detail.php?id=39108&keywords=&tid=0&lid=0,内容编辑类,21530-腾讯音乐技术导演（上海）,2018-04-16,1
上海,position_detail.php?id=39109&keywords=&tid=0&lid=0,内容编辑类,21530-腾讯音乐后期导演（上海）,2018-04-16,1
上海,position_detail.php?id=39111&keywords=&tid=0&lid=0,内容编辑类,21530-腾讯音乐文学导演/编剧(上海),2018-04-16,1
北京,position_detail.php?id=39099&keywords=&tid=0&lid=0,,21530-腾讯音乐投资并购总监（北京）,2018-04-16,1
深圳,position_detail.php?id=39102&keywords=&tid=0&lid=0,产品/项目类,23516-狐妖小红娘手游市场营销策划（深圳）,2018-04-16,1
上海,position_detail.php?id=39104&keywords=&tid=0&lid=0,市场类,21530-腾讯音乐艺人统筹(上海),2018-04-16,1
上海,position_detail.php?id=39110&keywords=&tid=0&lid=0,市场类,21530-腾讯音乐综艺宣推项目经理(上海),2018-04-16,1
上海,position_detail.php?id=39113&keywords=&tid=0&lid=0,内容编辑类,21530-腾讯音乐商务导演（上海）,2018-04-16,1
深圳,position_detail.php?id=39101&keywords=&tid=0&lid=0,产品/项目类,23516-狐妖小红娘手游社区运营与用户管理（深圳）,2018-04-16,1
上海,position_detail.php?id=39103&keywords=&tid=0&lid=0,内容编辑类,21530-腾讯音乐音乐导演(上海),2018-04-16,1
上海,position_detail.php?id=39106&keywords=&tid=0&lid=0,产品/项目类,21530-腾讯音乐制片人/资深导演(上海),2018-04-16,1
深圳,position_detail.php?id=39093&keywords=&tid=0&lid=0,技术类,22090-腾讯视频APP后台开发工程师（深圳）,2018-04-16,3
深圳,position_detail.php?id=39096&keywords=&tid=0&lid=0,技术类,22090-Android开发工程师（深圳）,2018-04-16,3
深圳,position_detail.php?id=39098&keywords=&tid=0&lid=0,,21530-腾讯音乐投资并购总监(深圳),2018-04-16,1
北京,position_detail.php?id=39087&keywords=&tid=0&lid=0,技术类,25578-医疗AI后台开发工程师,2018-04-16,1
北京,position_detail.php?id=39090&keywords=&tid=0&lid=0,产品/项目类,MIG09-QQ浏览器垂类建设高级产品经理/产品负责人（北京）,2018-04-16,1
深圳,position_detail.php?id=39095&keywords=&tid=0&lid=0,设计类,22090-视觉设计师（深圳）,2018-04-16,1
深圳,position_detail.php?id=39097&keywords=&tid=0&lid=0,技术类,22090-视频播放质量测试工程师（深圳）,2018-04-16,2
深圳,position_detail.php?id=39100&keywords=&tid=0&lid=0,产品/项目类,23516-狐妖小红娘手游数据分析（深圳）,2018-04-16,1
北京,position_detail.php?id=39089&keywords=&tid=0&lid=0,产品/项目类,MIG09-QQ浏览器PUSH推荐策略产品经理（北京）,2018-04-16,1
北京,position_detail.php?id=39091&keywords=&tid=0&lid=0,产品/项目类,MIG09-QQ浏览器高级产品经理（北京）,2018-04-16,1
北京,position_detail.php?id=39092&keywords=&tid=0&lid=0,产品/项目类,MIG09-QQ浏览器活动运营经理（北京）,2018-04-16,1
深圳,position_detail.php?id=39081&keywords=&tid=0&lid=0,市场类,25666-政府行业解决方案经理,2018-04-16,1
成都,position_detail.php?id=39084&keywords=&tid=0&lid=0,市场类,25666-政府行业解决方案经理,2018-04-16,1
深圳,position_detail.php?id=39086&keywords=&tid=0&lid=0,技术类,22090-前端开发工程师（深圳）,2018-04-16,1
北京,position_detail.php?id=39073&keywords=&tid=0&lid=0,技术类,17757-腾讯网个性化资讯推荐算法工程师（北京）,2018-04-16,1
北京,position_detail.php?id=39094&keywords=&tid=0&lid=0,产品/项目类,MIG09-QQ浏览器内容运营（北京）,2018-04-16,1
上海,position_detail.php?id=39083&keywords=&tid=0&lid=0,市场类,25666-政府行业解决方案经理,2018-04-16,1
深圳,position_detail.php?id=39085&keywords=&tid=0&lid=0,市场类,25666-教育云商务拓展（深圳/武汉/成都/西安/北京/上海）,2018-04-16,2
北京,position_detail.php?id=39088&keywords=&tid=0&lid=0,产品/项目类,MIG09-QQ浏览器高级内容产品经理（北京）,2018-04-16,1
深圳,position_detail.php?id=39075&keywords=&tid=0&lid=0,产品/项目类,SNG02-腾讯云车联网定制高级产品经理（深圳）,2018-04-16,1
深圳,position_detail.php?id=39076&keywords=&tid=0&lid=0,产品/项目类,SNG02-腾讯云车联网定制产品经理（深圳）,2018-04-16,1
北京,position_detail.php?id=39078&keywords=&tid=0&lid=0,职能类,AQ-行业合作经理（深圳）,2018-04-16,1
深圳,position_detail.php?id=39080&keywords=&tid=0&lid=0,技术类,GH-高级Java后台开发工程师（深圳）,2018-04-16,1
北京,position_detail.php?id=39069&keywords=&tid=0&lid=0,市场类,23671-企鹅号商务合作高级经理（综合内容版权方向）,2018-04-16,1
深圳,position_detail.php?id=39071&keywords=&tid=0&lid=0,设计类,SA-腾讯社交广告视觉设计师（深圳）,2018-04-16,2
深圳,position_detail.php?id=39077&keywords=&tid=0&lid=0,产品/项目类,SNG02-腾讯云旅游产品高级产品经理（深圳）,2018-04-16,1
北京,position_detail.php?id=39079&keywords=&tid=0&lid=0,职能类,AQ-安全运营经理（北京）,2018-04-16,1
北京,position_detail.php?id=39082&keywords=&tid=0&lid=0,市场类,25666-政府行业解决方案经理,2018-04-16,1
北京,position_detail.php?id=39070&keywords=&tid=0&lid=0,市场类,23671-企鹅号商务合作高级经理（广告方向）,2018-04-16,1
深圳,position_detail.php?id=39072&keywords=&tid=0&lid=0,职能类,WH-企业文化经理（深圳）,2018-04-16,1
深圳,position_detail.php?id=39061&keywords=&tid=0&lid=0,产品/项目类,SNG01-腾讯文档功能运营（深圳）,2018-04-16,1
北京,position_detail.php?id=39065&keywords=&tid=0&lid=0,产品/项目类,16811-剧本策划经理（北京）,2018-04-16,1
北京,position_detail.php?id=39067&keywords=&tid=0&lid=0,市场类,23671-企鹅号商务合作高级经理（北京）,2018-04-16,1
深圳,position_detail.php?id=39055&keywords=&tid=0&lid=0,技术类,18436-金融数据挖掘高级工程师（深圳）,2018-04-16,3
上海,position_detail.php?id=39058&keywords=&tid=0&lid=0,产品/项目类,18425-金融安全产品经理（上海）,2018-04-16,1
深圳,position_detail.php?id=39064&keywords=&tid=0&lid=0,技术类,24012-Unity客户端开发工程师（深圳）,2018-04-16,1
深圳,position_detail.php?id=39066&keywords=&tid=0&lid=0,产品/项目类,16810-动漫平台运营经理（深圳）,2018-04-16,1
北京,position_detail.php?id=39068&keywords=&tid=0&lid=0,市场类,23671-企鹅号商务合作高级经理（海外内容商务方向）,2018-04-16,1
深圳,position_detail.php?id=39057&keywords=&tid=0&lid=0,产品/项目类,18425-金融安全产品经理（深圳）,2018-04-16,1
北京,position_detail.php?id=39059&keywords=&tid=0&lid=0,内容编辑类,22088-腾讯体育社区运营编辑（北京）,2018-04-16,1
深圳,position_detail.php?id=39060&keywords=&tid=0&lid=0,产品/项目类,SNG01-QQ创意策划经理（深圳）,2018-04-16,2
深圳,position_detail.php?id=39063&keywords=&tid=0&lid=0,产品/项目类,21309-IT类目经理（深圳）,2018-04-16,1
深圳,position_detail.php?id=39051&keywords=&tid=0&lid=0,产品/项目类,18425-金融监管科技产品经理（深圳）,2018-04-16,1
深圳,position_detail.php?id=39053&keywords=&tid=0&lid=0,技术类,18436-互联网金融系统java架构师（深圳）,2018-04-16,1
深圳,position_detail.php?id=39056&keywords=&tid=0&lid=0,产品/项目类,MIG06-应用宝产品策划经理（深圳）,2018-04-16,1
深圳,position_detail.php?id=39062&keywords=&tid=0&lid=0,产品/项目类,SNG01-QQ新媒体运营经理（深圳）,2018-04-16,1
深圳,position_detail.php?id=39049&keywords=&tid=0&lid=0,技术类,GY0-音频开发应用工程师（深圳）,2018-04-16,1
上海,position_detail.php?id=39052&keywords=&tid=0&lid=0,产品/项目类,18425-金融监管科技产品经理（上海）,2018-04-16,1
深圳,position_detail.php?id=39054&keywords=&tid=0&lid=0,技术类,18436-金融数据体系分析师（深圳）,2018-04-16,2
北京,position_detail.php?id=39043&keywords=&tid=0&lid=0,技术类,22086-腾讯体育PHP后台开发（北京）,2018-04-16,1
深圳,position_detail.php?id=39045&keywords=&tid=0&lid=0,产品/项目类,项目经理 (深圳),2018-04-16,1
深圳,position_detail.php?id=39047&keywords=&tid=0&lid=0,技术类,18436-NLP算法研究员,2018-04-16,1
北京,position_detail.php?id=39050&keywords=&tid=0&lid=0,产品/项目类,23486-自选股社区产品经理（北京）,2018-04-16,1
深圳,position_detail.php?id=39038&keywords=&tid=0&lid=0,技术类,WXG08-111 微信搜索数据分析工程师（深圳）,2018-04-16,1
深圳,position_detail.php?id=39040&keywords=&tid=0&lid=0,市场类,18434-品牌策划经理 (深圳),2018-04-16,1
深圳,position_detail.php?id=39046&keywords=&tid=0&lid=0,产品/项目类,22989-腾讯云加速项目经理（深圳）,2018-04-16,1
深圳,position_detail.php?id=39048&keywords=&tid=0&lid=0,市场类,14914-品牌营销经理（深圳）,2018-04-16,2
广州,position_detail.php?id=39036&keywords=&tid=0&lid=0,技术类,WXG10-117 企业微信Android客户端开发工程师（广州）,2018-04-16,1
北京,position_detail.php?id=39039&keywords=&tid=0&lid=0,设计类,MIG03-地图图面设计师,2018-04-16,1
深圳,position_detail.php?id=39041&keywords=&tid=0&lid=0,设计类,18434-品牌创意组长 (深圳),2018-04-16,1
深圳,position_detail.php?id=39042&keywords=&tid=0&lid=0,技术类,19116-数据分析高级工程师（深圳）,2018-04-16,2
深圳,position_detail.php?id=39029&keywords=&tid=0&lid=0,技术类,18425-腾讯金融AI应用-高级后台开发工程师,2018-04-16,1
深圳,position_detail.php?id=39032&keywords=&tid=0&lid=0,产品/项目类,26787-平台合作收入管理产品运营经理,2018-04-16,1
深圳,position_detail.php?id=39034&keywords=&tid=0&lid=0,技术类,25928-高级PC客户端开发工程师（深圳）,2018-04-16,1
广州,position_detail.php?id=39037&keywords=&tid=0&lid=0,产品/项目类,WXG03-211 微信城市服务医疗行业产品运营经理（广州）,2018-04-16,1
深圳,position_detail.php?id=39044&keywords=&tid=0&lid=0,产品/项目类,22989-腾讯云政务民生行业产品运营经理（深圳）,2018-04-16,2
深圳,position_detail.php?id=39031&keywords=&tid=0&lid=0,产品/项目类,26787-平台合作成本控制产品经理,2018-04-16,1
深圳,position_detail.php?id=39033&keywords=&tid=0&lid=0,产品/项目类,MIG09-浏览器视频运营经理（深圳）,2018-04-16,1
深圳,position_detail.php?id=39035&keywords=&tid=0&lid=0,技术类,25928-高级移动客户端开发工程师（深圳）,2018-04-16,1
深圳,position_detail.php?id=39022&keywords=&tid=0&lid=0,设计类,17229-斯巴达2D原画设计师（深圳）,2018-04-16,1
深圳,position_detail.php?id=39023&keywords=&tid=0&lid=0,技术类,25923-蓝鲸平台java高级工程师（深圳）,2018-04-16,1
深圳,position_detail.php?id=39027&keywords=&tid=0&lid=0,技术类,RP-Web前端开发工程师（深圳）,2018-04-16,1
深圳,position_detail.php?id=39030&keywords=&tid=0&lid=0,职能类,CB-薪酬福利经理（深圳）,2018-04-16,1
上海,position_detail.php?id=39020&keywords=&tid=0&lid=0,设计类,15616-高级原画设计师（上海）,2018-04-16,1
深圳,position_detail.php?id=39025&keywords=&tid=0&lid=0,技术类,SA-腾讯社交广告自然语言处理高级研究员（微信广告 深圳）,2018-04-16,2
深圳,position_detail.php?id=39026&keywords=&tid=0&lid=0,技术类,SA-腾讯社交广告机器学习（微信广告）高级后台开发工程师（深圳）,2018-04-16,2
北京,position_detail.php?id=39028&keywords=&tid=0&lid=0,产品/项目类,23671-企鹅号渠道外发（北京）,2018-04-16,1
深圳,position_detail.php?id=39019&keywords=&tid=0&lid=0,市场类,19511-腾讯游戏战略分析经理（深圳）,2018-04-16,1
上海,position_detail.php?id=39021&keywords=&tid=0&lid=0,设计类,15616-3D人物角色美术（上海）,2018-04-16,1
上海,position_detail.php?id=39012&keywords=&tid=0&lid=0,产品/项目类,15573-SLG手游资深策划（上海）,2018-04-16,2
上海,position_detail.php?id=39014&keywords=&tid=0&lid=0,市场类,22989-企点电话销售高级经理（上海）,2018-04-16,1
深圳,position_detail.php?id=39016&keywords=&tid=0&lid=0,设计类,SD9-高级3D角色建模师（深圳）,2018-04-16,1
深圳,position_detail.php?id=39018&keywords=&tid=0&lid=0,产品/项目类,15581-欢乐游戏运营策划（深圳）,2018-04-16,1
北京,position_detail.php?id=39007&keywords=&tid=0&lid=0,产品/项目类,21882-产品运营经理（医疗）,2018-04-16,1
上海,position_detail.php?id=39009&keywords=&tid=0&lid=0,技术类,20503-AI终端应用开发工程师（上海）,2018-04-16,1
上海,position_detail.php?id=39015&keywords=&tid=0&lid=0,产品/项目类,SNG04-内容平台产品经理（上海）,2018-04-16,1
深圳,position_detail.php?id=39017&keywords=&tid=0&lid=0,职能类,21530-腾讯音乐集团组织发展经理（深圳）,2018-04-16,1
北京,position_detail.php?id=39005&keywords=&tid=0&lid=0,产品/项目类,26381-OTA 运营经理（北京）,2018-04-16,1
深圳,position_detail.php?id=39008&keywords=&tid=0&lid=0,市场类,SNG16-腾讯音乐娱乐营销方向品牌经理（深圳）,2018-04-16,1
上海,position_detail.php?id=39010&keywords=&tid=0&lid=0,技术类,15614-SLG手游后台开发工程师（上海）,2018-04-16,2
深圳,position_detail.php?id=39011&keywords=&tid=0&lid=0,设计类,25924-游戏视觉设计师（深圳）,2018-04-16,1
北京,position_detail.php?id=38998&keywords=&tid=0&lid=0,设计类,22086-体育电商设计（北京）,2018-04-16,1
深圳,position_detail.php?id=39001&keywords=&tid=0&lid=0,产品/项目类,SA-腾讯社交广告高级数据产品经理（微信广告 深圳）,2018-04-16,2
深圳,position_detail.php?id=39003&keywords=&tid=0&lid=0,市场类,23873-PMO Director,2018-04-16,1
深圳,position_detail.php?id=38992&keywords=&tid=0&lid=0,产品/项目类,SD9-MMORPG剧情/任务游戏策划（深圳）,2018-04-16,3
深圳,position_detail.php?id=39013&keywords=&tid=0&lid=0,产品/项目类,SA-腾讯社交广告SMB产品运营经理（深圳）,2018-04-16,2
北京,position_detail.php?id=39000&keywords=&tid=0&lid=0,内容编辑类,策划运营编辑,2018-04-16,1
深圳,position_detail.php?id=39002&keywords=&tid=0&lid=0,设计类,WXG06-411 微信支付高级品牌设计师（深圳）,2018-04-16,1
深圳,position_detail.php?id=39006&keywords=&tid=0&lid=0,产品/项目类,21882-产品运营经理（医疗）,2018-04-16,1
深圳,position_detail.php?id=38994&keywords=&tid=0&lid=0,市场类,18432-高级金融合作经理（深圳）,2018-04-16,2
深圳,position_detail.php?id=38995&keywords=&tid=0&lid=0,产品/项目类,23874-游戏评测方向游戏策划（深圳）,2018-04-16,1
深圳,position_detail.php?id=38988&keywords=&tid=0&lid=0,产品/项目类,SD9-刺激战场游戏策划（深圳）,2018-04-16,3
深圳,position_detail.php?id=38990&keywords=&tid=0&lid=0,产品/项目类,SD9-MMORPG职业/战斗游戏策划（深圳）,2018-04-16,3
深圳,position_detail.php?id=38993&keywords=&tid=0&lid=0,产品/项目类,17520-体育游戏运营(深圳),2018-04-16,2
广州,position_detail.php?id=38981&keywords=&tid=0&lid=0,技术类,WXG02-微信业务运营后台开发工程师（广州）,2018-04-16,1
深圳,position_detail.php?id=38986&keywords=&tid=0&lid=0,技术类,SD3-游戏客户端开发工程师（深圳）,2018-04-16,1
深圳,position_detail.php?id=38989&keywords=&tid=0&lid=0,产品/项目类,SD9-刺激战场关卡玩法设计游戏策划（深圳）,2018-04-16,3
深圳,position_detail.php?id=38991&keywords=&tid=0&lid=0,产品/项目类,SD9-MMORPG关卡/活动游戏策划（深圳）,2018-04-16,3
广州,position_detail.php?id=38979&keywords=&tid=0&lid=0,技术类,WXG02-133 微信资源优化架构师（广州）,2018-04-16,1
广州,position_detail.php?id=38982&keywords=&tid=0&lid=0,技术类,WXG02-113 微信大数据中心后台开发工程师（广州）,2018-04-16,1
深圳,position_detail.php?id=38983&keywords=&tid=0&lid=0,职能类,TEG-HRBP（深圳）,2018-04-16,1
深圳,position_detail.php?id=38985&keywords=&tid=0&lid=0,技术类,SD3-游戏客户端开发工程师（深圳）,2018-04-16,2
深圳,position_detail.php?id=38973&keywords=&tid=0&lid=0,技术类,18425-数据分析建模高级工程师（深圳）,2018-04-16,2
广州,position_detail.php?id=38976&keywords=&tid=0&lid=0,技术类,WXG02-133 微信推荐高级运维工程师（广州）,2018-04-16,1
深圳,position_detail.php?id=38978&keywords=&tid=0&lid=0,技术类,WXG02-133 微信小游戏高级运维工程师（广州/深圳）,2018-04-16,1
深圳,position_detail.php?id=38984&keywords=&tid=0&lid=0,技术类,SD3-互娱后台开发工程师(深圳),2018-04-16,2
深圳,position_detail.php?id=38987&keywords=&tid=0&lid=0,产品/项目类,SD9-刺激战场核心体验游戏策划（深圳）,2018-04-16,3
深圳,position_detail.php?id=38974&keywords=&tid=0&lid=0,技术类,WXG02-133 微信支付高级运维工程师（深圳）,2018-04-16,1
广州,position_detail.php?id=38977&keywords=&tid=0&lid=0,技术类,WXG02-133 微信小程序高级运维工程师（广州）,2018-04-16,1
广州,position_detail.php?id=38980&keywords=&tid=0&lid=0,技术类,WXG02-141 微信运维安全架构师（广州）,2018-04-16,1
上海,position_detail.php?id=38969&keywords=&tid=0&lid=0,技术类,MIG03-高级测试工程师（上海）,2018-04-16,2
北京,position_detail.php?id=38971&keywords=&tid=0&lid=0,技术类,23048-浏览器客户端开发工程师（北京）,2018-04-16,1
深圳,position_detail.php?id=38960&keywords=&tid=0&lid=0,技术类,22989-腾讯云网络研发方案架构师（深圳）（北京）,2018-04-16,1
深圳,position_detail.php?id=38963&keywords=&tid=0&lid=0,产品/项目类,SNG08-微视产品运营（深圳）,2018-04-16,2
北京,position_detail.php?id=38965&keywords=&tid=0&lid=0,技术类,23671-数据开发工程师（北京）,2018-04-16,1
深圳,position_detail.php?id=38970&keywords=&tid=0&lid=0,技术类,MIG15-后台开发工程师（深圳）,2018-04-16,2
深圳,position_detail.php?id=38972&keywords=&tid=0&lid=0,技术类,WXG02-112 微信技术运营高级工程师（广州/深圳）,2018-04-16,1
深圳,position_detail.php?id=38962&keywords=&tid=0&lid=0,技术类,22989-腾讯云网络后台研发工程师（深圳）,2018-04-16,5
深圳,position_detail.php?id=38964&keywords=&tid=0&lid=0,职能类,S2-WXG风控管理（深圳）,2018-04-16,1
深圳,position_detail.php?id=38966&keywords=&tid=0&lid=0,产品/项目类,SD9-RPG手游数据分析(深圳),2018-04-16,1
深圳,position_detail.php?id=38953&keywords=&tid=0&lid=0,产品/项目类,SA-腾讯社交广告公众号广告产品经理（微信广告 深圳）,2018-04-16,2
广州,position_detail.php?id=38957&keywords=&tid=0&lid=0,技术类,WXG03-143 微信开放平台后台安全策略工程师（广州）,2018-04-16,1
广州,position_detail.php?id=38959&keywords=&tid=0&lid=0,产品/项目类,WXG10-221 企业微信产品策划经理（广州）,2018-04-16,1
广州,position_detail.php?id=38948&keywords=&tid=0&lid=0,技术类,MIG08-Android客户端开发（广州）,2018-04-16,1
深圳,position_detail.php?id=38951&keywords=&tid=0&lid=0,设计类,MIG03-应用平台交互设计师（深圳）,2018-04-16,1
深圳,position_detail.php?id=38956&keywords=&tid=0&lid=0,产品/项目类,SA-腾讯社交广告支撑系统产品经理（微信广告 深圳）,2018-04-16,2
深圳,position_detail.php?id=38958&keywords=&tid=0&lid=0,技术类,22989-腾讯云SDN/NFV网络虚拟化研发工程师（深圳）（北京）,2018-04-16,3
广州,position_detail.php?id=38961&keywords=&tid=0&lid=0,产品/项目类,WXG10-213 企业微信高级行业应用经理（广州）,2018-04-16,2
深圳,position_detail.php?id=38950&keywords=&tid=0&lid=0,产品/项目类,18425-境内核心支付产品策划经理（深圳）,2018-04-16,2
深圳,position_detail.php?id=38954&keywords=&tid=0&lid=0,技术类,22989-硬件开发工程架构师（深圳）,2018-04-16,5
成都,position_detail.php?id=38940&keywords=&tid=0&lid=0,技术类,25927-游戏测试经理（成都）,2018-04-16,2
深圳,position_detail.php?id=38943&keywords=&tid=0&lid=0,技术类,TEG03-自然语言处理高级工程师（深圳）,2018-04-16,2
广州,position_detail.php?id=38947&keywords=&tid=0&lid=0,职能类,MIG08-财务经理（子公司）,2018-04-16,1
深圳,position_detail.php?id=38933&keywords=&tid=0&lid=0,职能类,18914-秘书,2018-04-16,1
深圳,position_detail.php?id=38936&keywords=&tid=0&lid=0,产品/项目类,18302-LBS手游数值策划,2018-04-16,1
深圳,position_detail.php?id=38942&keywords=&tid=0&lid=0,技术类,MIG18-开放平台前端开发工程师（深圳）,2018-04-16,1
上海,position_detail.php?id=38944&keywords=&tid=0&lid=0,技术类,25924-安卓客户端开发高级工程师（上海）,2018-04-16,1
深圳,position_detail.php?id=38949&keywords=&tid=0&lid=0,市场类,21087-（高级）战略规划/市场分析经理（深圳）,2018-04-16,1
深圳,position_detail.php?id=38935&keywords=&tid=0&lid=0,产品/项目类,18302-LBS手游关卡策划,2018-04-16,1
深圳,position_detail.php?id=38937&keywords=&tid=0&lid=0,产品/项目类,18302-LBS手游文案策划,2018-04-16,1
深圳,position_detail.php?id=38938&keywords=&tid=0&lid=0,技术类,25927-游戏测试经理（深圳）,2018-04-16,5
深圳,position_detail.php?id=38941&keywords=&tid=0&lid=0,技术类,25927-游戏高级测试开发工程师（深圳）,2018-04-16,1
深圳,position_detail.php?id=38929&keywords=&tid=0&lid=0,职能类,IEG-招聘经理（深圳）,2018-04-16,1
广州,position_detail.php?id=38932&keywords=&tid=0&lid=0,市场类,22968-华南食品饮料行业策划经理（广州）,2018-04-16,1
深圳,position_detail.php?id=38918&keywords=&tid=0&lid=0,产品/项目类,TEG12-项目管理经理（深圳）,2018-04-16,1
深圳,position_detail.php?id=38939&keywords=&tid=0&lid=0,产品/项目类,18302-剑灵IP手游助理制作人,2018-04-16,1
深圳,position_detail.php?id=38928&keywords=&tid=0&lid=0,职能类,EC-高级品牌经理（深圳）,2018-04-16,1
深圳,position_detail.php?id=38930&keywords=&tid=0&lid=0,技术类,GY0-JOOX Andriod/ iOS开发工程师（深圳）,2018-04-16,1
深圳,position_detail.php?id=38934&keywords=&tid=0&lid=0,产品/项目类,18302-LBS手游资深系统策划,2018-04-16,1
上海,position_detail.php?id=38920&keywords=&tid=0&lid=0,技术类,20503-业务发展总监（上海）,2018-04-16,1
上海,position_detail.php?id=38921&keywords=&tid=0&lid=0,技术类,20503-基础研究总监（上海）,2018-04-16,1
深圳,position_detail.php?id=38923&keywords=&tid=0&lid=0,技术类,22989-人工智能算法专家（NLP方向）（深圳/成都/上海/北京）,2018-04-16,2
深圳,position_detail.php?id=38926&keywords=&tid=0&lid=0,设计类,15611-设计师（深圳）,2018-04-16,1
深圳,position_detail.php?id=38914&keywords=&tid=0&lid=0,产品/项目类,SNG08-推荐算法产品经理,2018-04-16,2
深圳,position_detail.php?id=38916&keywords=&tid=0&lid=0,产品/项目类,SNG04-看点时尚垂类运营（深圳）,2018-04-16,1
深圳,position_detail.php?id=38922&keywords=&tid=0&lid=0,技术类,22989-人工智能算法专家（图像／视频方向）（深圳/成都/上海/北京）,2018-04-16,2
深圳,position_detail.php?id=38924&keywords=&tid=0&lid=0,技术类,SNG11-数据挖掘高级工程师（深圳）,2018-04-16,2
深圳,position_detail.php?id=38913&keywords=&tid=0&lid=0,产品/项目类,SNG08-数据产品经理,2018-04-16,1
深圳,position_detail.php?id=38915&keywords=&tid=0&lid=0,产品/项目类,25928-游戏公共技术项目经理（深圳）,2018-04-16,1
深圳,position_detail.php?id=38917&keywords=&tid=0&lid=0,技术类,20503-自动驾驶研发工程师,2018-04-16,3
深圳,position_detail.php?id=38919&keywords=&tid=0&lid=0,技术类,25923-DevOps开发工程师（深圳）,2018-04-16,1
深圳,position_detail.php?id=38906&keywords=&tid=0&lid=0,设计类,24012-UI设计师（深圳）,2018-04-16,1
上海,position_detail.php?id=38909&keywords=&tid=0&lid=0,产品/项目类,15573-新侠风MMORPG资深数值策划（上海）,2018-04-16,2
深圳,position_detail.php?id=38911&keywords=&tid=0&lid=0,技术类,22090-视频播放质量测试工程师（深圳）,2018-04-16,1
深圳,position_detail.php?id=38899&keywords=&tid=0&lid=0,设计类,15605-高级3D角色设计师(深圳),2018-04-16,1
深圳,position_detail.php?id=38912&keywords=&tid=0&lid=0,产品/项目类,SNG08-微视产品策划,2018-04-16,2
深圳,position_detail.php?id=38908&keywords=&tid=0&lid=0,技术类,25928-PHP开发工程师（深圳）,2018-04-16,1
上海,position_detail.php?id=38910&keywords=&tid=0&lid=0,设计类,15573-新侠风MMORPG 3D场景美术设计师（上海）,2018-04-16,2
深圳,position_detail.php?id=38897&keywords=&tid=0&lid=0,设计类,15605-资深UE4技术美术(深圳),2018-04-16,2
深圳,position_detail.php?id=38900&keywords=&tid=0&lid=0,设计类,15605-高级3D动画设计师(深圳),2018-04-16,1
深圳,position_detail.php?id=38901&keywords=&tid=0&lid=0,设计类,15605-高级3D特效设计师(深圳),2018-04-16,1
深圳,position_detail.php?id=38905&keywords=&tid=0&lid=0,设计类,24012-视觉设计师（深圳）,2018-04-16,1
深圳,position_detail.php?id=38892&keywords=&tid=0&lid=0,产品/项目类,GY0-JOOX音乐产品策划（深圳）,2018-04-16,2
北京,position_detail.php?id=38895&keywords=&tid=0&lid=0,内容编辑类,22851-腾讯视频母婴品类运营（北京）,2018-04-16,1
深圳,position_detail.php?id=38898&keywords=&tid=0&lid=0,设计类,15605-高级3D场景设计师(深圳),2018-04-16,1
深圳,position_detail.php?id=38903&keywords=&tid=0&lid=0,技术类,TEG02-运营开发工程师（深圳）,2018-04-16,2
深圳,position_detail.php?id=38907&keywords=&tid=0&lid=0,技术类,15602-后台开发工程师（深圳）,2018-04-16,4
深圳,position_detail.php?id=38894&keywords=&tid=0&lid=0,产品/项目类,25663-深度定制云高级行业运营经理（深圳）,2018-04-16,1
北京,position_detail.php?id=38896&keywords=&tid=0&lid=0,内容编辑类,22851-腾讯时尚原创版权编辑（北京）,2018-04-16,1
北京,position_detail.php?id=38885&keywords=&tid=0&lid=0,职能类,21529-法务（北京）,2018-04-16,1
深圳,position_detail.php?id=38886&keywords=&tid=0&lid=0,技术类,15569-后台开发工程师（深圳）,2018-04-16,1
上海,position_detail.php?id=38889&keywords=&tid=0&lid=0,技术类,19332-高级PHP开发工程师（上海）,2018-04-16,1
深圳,position_detail.php?id=38891&keywords=&tid=0&lid=0,产品/项目类,18302-新动作手游资深系统策划（深圳）,2018-04-16,1
深圳,position_detail.php?id=38879&keywords=&tid=0&lid=0,产品/项目类,18402-移动游戏市场策划（深圳）,2018-04-16,1
深圳,position_detail.php?id=38883&keywords=&tid=0&lid=0,产品/项目类,23516-移动游戏运营PM（深圳）,2018-04-16,1
深圳,position_detail.php?id=38888&keywords=&tid=0&lid=0,技术类,MIG12-技术运营工程师（深圳）,2018-04-16,1
深圳,position_detail.php?id=38890&keywords=&tid=0&lid=0,产品/项目类,18302-新动作手游关卡策划（深圳）,2018-04-16,1
深圳,position_detail.php?id=38893&keywords=&tid=0&lid=0,技术类,SNG06-手Q个性化产品iOS开发工程师（深圳）,2018-04-16,1
深圳,position_detail.php?id=38882&keywords=&tid=0&lid=0,产品/项目类,18402-MMORPG手游本地化&商业化策划（深圳）,2018-04-16,1
北京,position_detail.php?id=38884&keywords=&tid=0&lid=0,技术类,MIG03-AI评价优化高级工程师（北京）,2018-04-16,1
深圳,position_detail.php?id=38887&keywords=&tid=0&lid=0,技术类,25663-游戏云业务高级运维工程师（深圳）,2018-04-16,2
上海,position_detail.php?id=38873&keywords=&tid=0&lid=0,产品/项目类,20503-优图高级产品经理-行业应用（上海）,2018-04-16,1
深圳,position_detail.php?id=38875&keywords=&tid=0&lid=0,内容编辑类,SNG06-QQ动漫社区音视频内容运营经理（深圳）,2018-04-16,1
北京,position_detail.php?id=38877&keywords=&tid=0&lid=0,技术类,SA-腾讯社交广告推荐算法与系统工程师（北京）,2018-04-16,1
深圳,position_detail.php?id=38881&keywords=&tid=0&lid=0,产品/项目类,18402-MMORPG手游数据分析（深圳）,2018-04-16,1
北京,position_detail.php?id=38871&keywords=&tid=0&lid=0,设计类,OMG097-交互设计师（北京）,2018-04-16,1
深圳,position_detail.php?id=38874&keywords=&tid=0&lid=0,内容编辑类,SNG06-QQ动漫资深内容运营经理（深圳）,2018-04-16,1
深圳,position_detail.php?id=38876&keywords=&tid=0&lid=0,内容编辑类,SNG06-QQ动漫内容运营经理（深圳）,2018-04-16,1
北京,position_detail.php?id=38878&keywords=&tid=0&lid=0,技术类,SA-腾讯社交广告数据分析工程师（北京）,2018-04-16,1
深圳,position_detail.php?id=38857&keywords=&tid=0&lid=0,技术类,24491-王者荣耀全球版-移动客户端开发工程师（深圳）,2018-04-16,1
深圳,position_detail.php?id=38869&keywords=&tid=0&lid=0,市场类,23872-平台商务高级经理,2018-04-16,2
深圳,position_detail.php?id=38872&keywords=&tid=0&lid=0,产品/项目类,SNG16-QQ音乐开放平台产品策划（深圳）,2018-04-16,1
深圳,position_detail.php?id=38852&keywords=&tid=0&lid=0,产品/项目类,18402-移动游戏平台运营,2018-04-16,1
深圳,position_detail.php?id=38855&keywords=&tid=0&lid=0,产品/项目类,21087-移动游戏平台合作(深圳）,2018-04-16,1
深圳,position_detail.php?id=38858&keywords=&tid=0&lid=0,市场类,19116-商务策略经理（深圳）,2018-04-16,1
北京,position_detail.php?id=38870&keywords=&tid=0&lid=0,设计类,OMG097-视觉设计师（北京）,2018-04-16,1
广州,position_detail.php?id=38850&keywords=&tid=0&lid=0,产品/项目类,WXG08-211 微信搜一搜资讯内容运营经理（广州）,2018-04-16,1
深圳,position_detail.php?id=38854&keywords=&tid=0&lid=0,产品/项目类,MIG18-众创空间高级产品经理（深圳）,2018-04-16,1
深圳,position_detail.php?id=38856&keywords=&tid=0&lid=0,产品/项目类,MIG06-硬件产品经理（深圳）,2018-04-16,1
深圳,position_detail.php?id=38843&keywords=&tid=0&lid=0,技术类,SNG08-后台台开发工程师,2018-04-16,1
深圳,position_detail.php?id=38845&keywords=&tid=0&lid=0,产品/项目类,SNG08-微视推荐算法产品经理,2018-04-16,2
北京,position_detail.php?id=38847&keywords=&tid=0&lid=0,内容编辑类,17759-合同管理专员,2018-04-16,1
深圳,position_detail.php?id=38849&keywords=&tid=0&lid=0,产品/项目类,21309-腾讯课堂公考类目经理（深圳）,2018-04-16,1
深圳,position_detail.php?id=38837&keywords=&tid=0&lid=0,技术类,SA-腾讯社交广告广告服务端Java开发工程师（深圳）,2018-04-16,1
深圳,position_detail.php?id=38839&keywords=&tid=0&lid=0,技术类,25926-NLP算法工程师（深圳）,2018-04-16,1
深圳,position_detail.php?id=38846&keywords=&tid=0&lid=0,技术类,MIG12-技术运营工程师,2018-04-16,1
深圳,position_detail.php?id=38848&keywords=&tid=0&lid=0,设计类,15611-3D角色设计师（深圳）,2018-04-16,2
深圳,position_detail.php?id=38851&keywords=&tid=0&lid=0,产品/项目类,25663-智慧零售业务中心总监（深圳）,2018-04-16,1
深圳,position_detail.php?id=38838&keywords=&tid=0&lid=0,市场类,21482-王者荣耀职业联赛商业化经理（深圳）,2018-04-16,1
深圳,position_detail.php?id=38840&keywords=&tid=0&lid=0,技术类,SNG11-推荐/精准营销系统工程师（深圳）,2018-04-16,2
深圳,position_detail.php?id=38841&keywords=&tid=0&lid=0,产品/项目类,MIG09-QQ浏览器赛事运营经理,2018-04-16,1
深圳,position_detail.php?id=38844&keywords=&tid=0&lid=0,内容编辑类,SNG08-微视KOL拓展运营经理（深圳）,2018-04-16,2
深圳,position_detail.php?id=38832&keywords=&tid=0&lid=0,技术类,17520-U3D手游客户端开发工程师(深圳),2018-04-16,2
深圳,position_detail.php?id=38834&keywords=&tid=0&lid=0,产品/项目类,SNG01-QQ音视频高级产品经理（深圳）,2018-04-16,1
深圳,position_detail.php?id=38836&keywords=&tid=0&lid=0,技术类,15583-HTML5小游戏开发工程师(深圳),2018-04-16,1
深圳,position_detail.php?id=38842&keywords=&tid=0&lid=0,产品/项目类,MIG09-浏览器游戏平台运营经理,2018-04-16,1
深圳,position_detail.php?id=38831&keywords=&tid=0&lid=0,技术类,17520-U3D手游客户端开发工程师(深圳),2018-04-16,2
深圳,position_detail.php?id=38833&keywords=&tid=0&lid=0,技术类,SNG11-业务运维工程师（深圳）,2018-04-16,2
深圳,position_detail.php?id=38835&keywords=&tid=0&lid=0,产品/项目类,SNG06-手Q动漫高级项目经理（深圳）,2018-04-16,1
深圳,position_detail.php?id=38825&keywords=&tid=0&lid=0,产品/项目类,SNG04-看点高级数据分析产品经理（深圳）,2018-04-16,2
深圳,position_detail.php?id=38826&keywords=&tid=0&lid=0,技术类,SNG11-推荐/精准营销系统工程师（深圳）,2018-04-16,2
深圳,position_detail.php?id=38828&keywords=&tid=0&lid=0,产品/项目类,SNG16-全民K歌个性化推荐产品经理（深圳）,2018-04-16,1
深圳,position_detail.php?id=38830&keywords=&tid=0&lid=0,产品/项目类,SNG16-全民K歌直播营收产品策划（深圳）,2018-04-16,1
深圳,position_detail.php?id=38820&keywords=&tid=0&lid=0,产品/项目类,SNG04-看点综合功能类高级产品策划经理（深圳）,2018-04-16,1
深圳,position_detail.php?id=38822&keywords=&tid=0&lid=0,产品/项目类,SNG04-看点互动社区类产品策划经理（深圳）,2018-04-16,1
深圳,position_detail.php?id=38827&keywords=&tid=0&lid=0,技术类,19867-游戏客户端开发工程师（深圳）,2018-04-16,3
北京,position_detail.php?id=38829&keywords=&tid=0&lid=0,技术类,SA-腾讯社交广告日志平台团队组长（北京）,2018-04-16,1
北京,position_detail.php?id=38818&keywords=&tid=0&lid=0,技术类,WXG08-122 微信推荐算法开发工程师（北京）,2018-04-16,3
深圳,position_detail.php?id=38821&keywords=&tid=0&lid=0,产品/项目类,SNG04-看点高级产品经理（策划）-策略推荐类,2018-04-16,1
深圳,position_detail.php?id=38823&keywords=&tid=0&lid=0,产品/项目类,SNG04-看点短视频类高级产品策划经理（深圳）,2018-04-16,1
深圳,position_detail.php?id=38824&keywords=&tid=0&lid=0,产品/项目类,SNG04-看点用户增长产品策划经理（深圳）,2018-04-16,1
深圳,position_detail.php?id=38810&keywords=&tid=0&lid=0,产品/项目类,SNG06-QQ会员产品运营经理（深圳）,2018-04-16,1
深圳,position_detail.php?id=38813&keywords=&tid=0&lid=0,市场类,23872-(Senior) Strategy Analysis Manager,2018-04-16,1
深圳,position_detail.php?id=38816&keywords=&tid=0&lid=0,技术类,22989-腾讯云企业业务中心前端研发工程师（深圳）,2018-04-16,2
深圳,position_detail.php?id=38819&keywords=&tid=0&lid=0,技术类,SNG11-人工智能研究员（深圳）,2018-04-16,6
深圳,position_detail.php?id=38809&keywords=&tid=0&lid=0,职能类,S2-IEG财务管理（深圳）,2018-04-16,1
深圳,position_detail.php?id=38812&keywords=&tid=0&lid=0,技术类,20718-精准推荐高级工程师（深圳）,2018-04-16,1
深圳,position_detail.php?id=38815&keywords=&tid=0&lid=0,职能类,XZ-行政拓展经理,2018-04-16,1
深圳,position_detail.php?id=38817&keywords=&tid=0&lid=0,职能类,20765-政府及公共事务经理（深圳）,2018-04-16,1
深圳,position_detail.php?id=38802&keywords=&tid=0&lid=0,产品/项目类,WXG04-212 微信游戏社交产品经理（深圳）,2018-04-16,1
深圳,position_detail.php?id=38805&keywords=&tid=0&lid=0,设计类,14914-高级品牌创意经理（深圳）,2018-04-16,1
深圳,position_detail.php?id=38808&keywords=&tid=0&lid=0,,SA-智慧零售高级市场传播经理（深圳）,2018-04-16,1
北京,position_detail.php?id=38795&keywords=&tid=0&lid=0,技术类,MIG09-QQ浏览器前端开发工程师,2018-04-16,1
广州,position_detail.php?id=38800&keywords=&tid=0&lid=0,职能类,S2-税务管理(广州),2018-04-16,1
北京,position_detail.php?id=38787&keywords=&tid=0&lid=0,职能类,CB-健康顾问（北京）,2018-04-16,1
深圳,position_detail.php?id=38806&keywords=&tid=0&lid=0,产品/项目类,18402-移动游戏高级运营经理(深圳）,2018-04-16,1
深圳,position_detail.php?id=38811&keywords=&tid=0&lid=0,,14914-医疗产品公关经理,2018-04-16,1
北京,position_detail.php?id=38799&keywords=&tid=0&lid=0,技术类,MIG16-自动驾驶仿真模拟系统-虚幻引擎工程师,2018-04-16,1
深圳,position_detail.php?id=38804&keywords=&tid=0&lid=0,市场类,22968-本土日化服饰用品销售,2018-04-16,1
深圳,position_detail.php?id=38788&keywords=&tid=0&lid=0,技术类,MIG03-Web前端开发（深圳）,2018-04-16,2
深圳,position_detail.php?id=38790&keywords=&tid=0&lid=0,市场类,HY5-互娱欧美商务经理（欧美重点客户）,2018-04-16,1
深圳,position_detail.php?id=38796&keywords=&tid=0&lid=0,设计类,MIG03-UI视觉设计师（APP）,2018-04-16,1
深圳,position_detail.php?id=38783&keywords=&tid=0&lid=0,技术类,15851-FPS游戏专项技术测试（深圳）,2018-04-16,2
深圳,position_detail.php?id=38785&keywords=&tid=0&lid=0,技术类,15851-游戏人工智能研究员（深圳）,2018-04-16,1
深圳,position_detail.php?id=38789&keywords=&tid=0&lid=0,技术类,MIG04-数据分析师（深圳）,2018-04-16,1
深圳,position_detail.php?id=38791&keywords=&tid=0&lid=0,技术类,15851-游戏后台开发工程师（深圳）,2018-04-16,1
广州,position_detail.php?id=38797&keywords=&tid=0&lid=0,市场类,22967-腾讯广告大客户渠道销售经理（上海）,2018-04-16,1
深圳,position_detail.php?id=38784&keywords=&tid=0&lid=0,产品/项目类,15851-游戏音频师（深圳）,2018-04-16,1
深圳,position_detail.php?id=38786&keywords=&tid=0&lid=0,职能类,IEG-HRBP（深圳）,2018-04-16,1
上海,position_detail.php?id=38776&keywords=&tid=0&lid=0,技术类,OMG064-广告投放引擎后台开发工程师（上海）,2018-04-16,1
深圳,position_detail.php?id=38777&keywords=&tid=0&lid=0,产品/项目类,18432-金融理财产品高级运营经理,2018-04-16,1
深圳,position_detail.php?id=38779&keywords=&tid=0&lid=0,技术类,15851-游戏后台开发工程师（深圳）,2018-04-16,1
深圳,position_detail.php?id=38781&keywords=&tid=0&lid=0,技术类,15851-游戏图形渲染开发工程师（深圳）,2018-04-16,2
成都,position_detail.php?id=38768&keywords=&tid=0&lid=0,产品/项目类,15575-《圣斗士星矢》世界观策划（成都）,2018-04-16,1
深圳,position_detail.php?id=38771&keywords=&tid=0&lid=0,技术类,SNG11-iOS安全高级工程师（深圳）,2018-04-16,1
北京,position_detail.php?id=38778&keywords=&tid=0&lid=0,设计类,16811-授权业务平面设计师,2018-04-16,1
深圳,position_detail.php?id=38780&keywords=&tid=0&lid=0,技术类,15851-游戏图形渲染开发工程师（深圳）,2018-04-16,1
深圳,position_detail.php?id=38782&keywords=&tid=0&lid=0,技术类,15851-游戏测试工程师（深圳）,2018-04-16,3
成都,position_detail.php?id=38769&keywords=&tid=0&lid=0,产品/项目类,15575-《圣斗士星矢》战斗策划（成都）,2018-04-16,1
北京,position_detail.php?id=38772&keywords=&tid=0&lid=0,内容编辑类,22851-腾讯视频电视剧运营编辑（北京）,2018-04-16,1
北京,position_detail.php?id=38773&keywords=&tid=0&lid=0,内容编辑类,20772-企鹅影视艺人合作经理（北京）,2018-04-16,2
深圳,position_detail.php?id=38762&keywords=&tid=0&lid=0,,23295-互娱游戏传播经理（深圳）,2018-04-16,2
上海,position_detail.php?id=38764&keywords=&tid=0&lid=0,技术类,OMG064-广告算法工程师（上海）,2018-04-16,1
成都,position_detail.php?id=38767&keywords=&tid=0&lid=0,技术类,TEG11-机器学习研究员(成都),2018-04-16,2
深圳,position_detail.php?id=38754&keywords=&tid=0&lid=0,产品/项目类,SNG04-看点科技垂类运营（深圳）,2018-04-16,1
深圳,position_detail.php?id=38760&keywords=&tid=0&lid=0,市场类,23294-互娱移动游戏渠道营销拓展渠道经理（深圳）,2018-04-16,1
上海,position_detail.php?id=38763&keywords=&tid=0&lid=0,技术类,OMG064-广告数据挖掘与算法工程师（上海）,2018-04-16,2
北京,position_detail.php?id=38766&keywords=&tid=0&lid=0,技术类,OMG064-应用开发工程师（北京）,2018-04-16,1
成都,position_detail.php?id=38770&keywords=&tid=0&lid=0,产品/项目类,15575-天美L1预研海外手游世界观策划（成都）,2018-04-16,1
深圳,position_detail.php?id=38756&keywords=&tid=0&lid=0,产品/项目类,SNG04-看点push运营（深圳）,2018-04-16,1
深圳,position_detail.php?id=38757&keywords=&tid=0&lid=0,产品/项目类,SNG04-看点视频运营（深圳）,2018-04-16,1
深圳,position_detail.php?id=38759&keywords=&tid=0&lid=0,技术类,TEG03-大数据服务测试工程师（深圳）,2018-04-16,2
上海,position_detail.php?id=38748&keywords=&tid=0&lid=0,职能类,18924-行政秘书（上海）,2018-04-16,1
深圳,position_detail.php?id=38751&keywords=&tid=0&lid=0,产品/项目类,SNG04-看点搞笑垂类运营（深圳）,2018-04-16,1
深圳,position_detail.php?id=38753&keywords=&tid=0&lid=0,产品/项目类,SNG04-看点星座情感垂类运营（深圳）,2018-04-16,1
深圳,position_detail.php?id=38758&keywords=&tid=0&lid=0,产品/项目类,SNG04-看点内容运营（深圳）,2018-04-16,1
深圳,position_detail.php?id=38761&keywords=&tid=0&lid=0,产品/项目类,SNG16-全民K歌造星经纪人（深圳）,2018-04-16,2
深圳,position_detail.php?id=38750&keywords=&tid=0&lid=0,技术类,25925-数据挖掘工程师（深圳）,2018-04-16,2
深圳,position_detail.php?id=38752&keywords=&tid=0&lid=0,产品/项目类,SNG04-看点萌宠垂类运营（深圳）,2018-04-16,1
深圳,position_detail.php?id=38755&keywords=&tid=0&lid=0,产品/项目类,SNG04-看点话题运营（深圳）,2018-04-16,1
深圳,position_detail.php?id=38742&keywords=&tid=0&lid=0,技术类,22090-IOS开发工程师（深圳）,2018-04-16,1
深圳,position_detail.php?id=38744&keywords=&tid=0&lid=0,产品/项目类,SNG02-腾讯云大数据应用产品经理（深圳）,2018-04-16,1
深圳,position_detail.php?id=38746&keywords=&tid=0&lid=0,技术类,22989-腾讯云高级虚拟化研发工程师（深圳）,2018-04-16,2
深圳,position_detail.php?id=38749&keywords=&tid=0&lid=0,产品/项目类,SNG03-数据分析经理（深圳）,2018-04-16,1
深圳,position_detail.php?id=38738&keywords=&tid=0&lid=0,产品/项目类,MIG09-QQ浏览器摄像头AR项目高级产品经理,2018-04-16,2
深圳,position_detail.php?id=38743&keywords=&tid=0&lid=0,产品/项目类,22090-产品经理（深圳）,2018-04-16,1
深圳,position_detail.php?id=38745&keywords=&tid=0&lid=0,技术类,SNG02-流媒体后台高级开发工程师（深圳）,2018-04-16,2
北京,position_detail.php?id=38747&keywords=&tid=0&lid=0,职能类,18924-行政秘书（北京）,2018-04-16,1
深圳,position_detail.php?id=38735&keywords=&tid=0&lid=0,技术类,SNG07-微视高级测试工程师（深圳）,2018-04-16,1
广州,position_detail.php?id=38739&keywords=&tid=0&lid=0,技术类,WXG07-115 web前端研发工程师（广州）,2018-04-16,1
广州,position_detail.php?id=38740&keywords=&tid=0&lid=0,产品/项目类,WXG01-212 产品策划经理,2018-04-16,1
深圳,position_detail.php?id=38728&keywords=&tid=0&lid=0,市场类,19116-互联网+医疗培训经理（深圳）,2018-04-16,1
深圳,position_detail.php?id=38733&keywords=&tid=0&lid=0,内容编辑类,SNG08-微视商务合作高级经理（深圳）,2018-04-16,1
深圳,position_detail.php?id=38736&keywords=&tid=0&lid=0,技术类,MIG09-浏览器综合资讯后台开发工程师,2018-04-16,1
深圳,position_detail.php?id=38722&keywords=&tid=0&lid=0,技术类,25663-腾讯云通用行业架构师（深圳/上海/成都）,2018-04-16,6
广州,position_detail.php?id=38741&keywords=&tid=0&lid=0,产品/项目类,WXG01-212 海外产品策划经理,2018-04-16,1
深圳,position_detail.php?id=38731&keywords=&tid=0&lid=0,技术类,SA-腾讯社交广告排序算法研究员（微信广告 深圳）,2018-04-16,2
北京,position_detail.php?id=38734&keywords=&tid=0&lid=0,内容编辑类,22086-NHL&NFL运营(北京）,2018-04-16,2
深圳,position_detail.php?id=38737&keywords=&tid=0&lid=0,技术类,22989-物联网高级后台研发工程师（深圳）,2018-04-16,3
深圳,position_detail.php?id=38724&keywords=&tid=0&lid=0,职能类,26833-组织发展高级经理（深圳）,2018-04-16,1
深圳,position_detail.php?id=38725&keywords=&tid=0&lid=0,产品/项目类,16810-动漫衍生品业务产品经理,2018-04-16,1
深圳,position_detail.php?id=38727&keywords=&tid=0&lid=0,技术类,19116-校园产品Web后台开发（深圳）,2018-04-16,3
深圳,position_detail.php?id=38730&keywords=&tid=0&lid=0,技术类,SA-腾讯社交广告高级后台开发工程师（微信广告 深圳）,2018-04-16,2
深圳,position_detail.php?id=38719&keywords=&tid=0&lid=0,技术类,TEG06-高级应用开发工程师（深圳）,2018-04-16,1
深圳,position_detail.php?id=38721&keywords=&tid=0&lid=0,技术类,15570-FPS手游客户端开发工程师（深圳）,2018-04-16,2
深圳,position_detail.php?id=38726&keywords=&tid=0&lid=0,技术类,20718-销售系统后台开发（深圳）,2018-04-16,1
北京,position_detail.php?id=38729&keywords=&tid=0&lid=0,市场类,19116-互联网+高校生态合作经理（北京）,2018-04-16,1
深圳,position_detail.php?id=38718&keywords=&tid=0&lid=0,产品/项目类,22989-腾讯云物联网高级产品运营,2018-04-16,2
深圳,position_detail.php?id=38720&keywords=&tid=0&lid=0,技术类,15570-FPS手游高级引擎开发工程师（深圳）,2018-04-16,2
深圳,position_detail.php?id=38723&keywords=&tid=0&lid=0,产品/项目类,22989-腾讯云物联网高级产品架构师（深圳）,2018-04-16,2
上海,position_detail.php?id=38711&keywords=&tid=0&lid=0,技术类,SNG08-天天P图Android开发工程师（上海）,2018-04-16,2
上海,position_detail.php?id=38713&keywords=&tid=0&lid=0,技术类,15614-高级移动客户端开发工程师（上海）,2018-04-16,3
上海,position_detail.php?id=38715&keywords=&tid=0&lid=0,市场类,SNG16-腾讯音乐广告策略营销经理（上海）,2018-04-16,1
深圳,position_detail.php?id=38717&keywords=&tid=0&lid=0,产品/项目类,18432-基金高级分析师,2018-04-16,1
深圳,position_detail.php?id=38706&keywords=&tid=0&lid=0,技术类,23294-互娱手游电竞后台开发工程师（深圳）,2018-04-16,2
上海,position_detail.php?id=38712&keywords=&tid=0&lid=0,技术类,SNG08-社交平台iOS开发工程师（上海）,2018-04-16,1
上海,position_detail.php?id=38714&keywords=&tid=0&lid=0,市场类,SNG16-腾讯音乐商业拓展（上海）,2018-04-16,1
深圳,position_detail.php?id=38716&keywords=&tid=0&lid=0,设计类,18796-UI开发工程师（深圳）,2018-04-16,1
深圳,position_detail.php?id=38704&keywords=&tid=0&lid=0,产品/项目类,22989-腾讯云物联网高级产品策划（深圳）,2018-04-16,2
深圳,position_detail.php?id=38707&keywords=&tid=0&lid=0,产品/项目类,24491-王者荣耀全球版-本地化PM（深圳）,2018-04-16,1
